{"spanish": [0.8809771534624989, 0.9140561819076538], "arabic": [0.8203988944375696, 0.8527250289916992], "basque": [0.7164910088640266, 0.7360279560089111], "hindi": [0.7918139698290809, 0.8192864060401917], "indonesian": [0.9049437815664937, 0.9298796057701111], "burmese": [0.69585027073804, 0.7299224734306335], "russian": [0.8956893006750166, 0.9234372973442078], "swahili": [0.6981910478587501, 0.6969752311706543], "telugu": [0.7446654677036028, 0.7755936980247498], "chinese": [0.8973729087373896, 0.9177230000495911]}