{"spanish": [0.852341017231572, 0.8781917095184326], "arabic": [0.7741492997527044, 0.8244160413742065], "basque": [0.723203221746504, 0.7530196309089661], "hindi": [0.8347184321566341, 0.8637782335281372], "indonesian": [0.8448023915014703, 0.8743113875389099], "burmese": [0.6550538304386985, 0.6500771641731262], "russian": [0.8463661208955915, 0.8715078830718994], "swahili": [0.6719229289982036, 0.664487361907959], "telugu": [0.7526789109569603, 0.8152182698249817], "chinese": [0.8399004187314105, 0.8582048416137695]}