{"spanish": [0.853939414951361, 0.870036244392395], "arabic": [0.7890931511757627, 0.8280964493751526], "basque": [0.7951356849080281, 0.8404926061630249], "hindi": [0.8410780058445163, 0.860308825969696], "indonesian": [0.8524900287843398, 0.8697628974914551], "burmese": [0.7918722324226173, 0.8224437236785889], "russian": [0.8403733362826505, 0.8556383848190308], "swahili": [0.7959737032158812, 0.8378945589065552], "telugu": [0.7875084914094482, 0.8272349834442139], "chinese": [0.8292029764500776, 0.849134087562561]}