{"spanish": [0.9076323398468433, 0.9305086135864258], "arabic": [0.8682373603553192, 0.90936678647995], "basque": [0.8015456321932164, 0.8335661292076111], "hindi": [0.8940623555650465, 0.9201770424842834], "indonesian": [0.8914580574736226, 0.9165115356445312], "burmese": [0.6039350128169884, 0.6075608134269714], "russian": [0.8867114858466375, 0.907564103603363], "swahili": [0.7872196580896623, 0.8175693154335022], "telugu": [0.8108352164138161, 0.8392123579978943], "chinese": [0.8753578957739766, 0.9020798206329346]}