{"spanish": [0.8803837824388501, 0.9121631979942322], "arabic": [0.8150792453243273, 0.8551673293113708], "basque": [0.7158847729213816, 0.7232236266136169], "hindi": [0.7948194609463096, 0.8206441402435303], "indonesian": [0.9031314270572107, 0.9286114573478699], "burmese": [0.6933116687401331, 0.7254678606987], "russian": [0.8970637452633944, 0.9258344173431396], "swahili": [0.689493924320178, 0.6895105242729187], "telugu": [0.7469348195055161, 0.7719842791557312], "chinese": [0.8966382277832372, 0.91861492395401]}