{"spanish": [0.8539605888604014, 0.8777561783790588], "arabic": [0.7698966439870081, 0.8182750344276428], "basque": [0.7303988252310939, 0.7661546468734741], "hindi": [0.833789954530254, 0.8643575310707092], "indonesian": [0.8444826130358926, 0.8728947639465332], "burmese": [0.6522127462490594, 0.647728443145752], "russian": [0.8472332279268753, 0.870126485824585], "swahili": [0.6677510506226321, 0.6570530533790588], "telugu": [0.7562485249487475, 0.8154225945472717], "chinese": [0.8386785540061625, 0.8570168018341064]}