{"spanish": [0.8557572568354427, 0.8699277639389038], "arabic": [0.791276164022524, 0.8275654315948486], "basque": [0.796767372808103, 0.8422665596008301], "hindi": [0.8423350796764217, 0.8614969849586487], "indonesian": [0.8520334376790206, 0.8687006235122681], "burmese": [0.7946945020964727, 0.8269770741462708], "russian": [0.8395467369387594, 0.8550422191619873], "swahili": [0.7955087942449088, 0.837382435798645], "telugu": [0.7848867319578527, 0.8256043791770935], "chinese": [0.824046122384813, 0.848617672920227]}