{"spanish": [0.9105537546580394, 0.9291643500328064], "arabic": [0.8700768361613894, 0.9044215083122253], "basque": [0.7957839147883642, 0.831018328666687], "hindi": [0.8964872212105441, 0.9212432503700256], "indonesian": [0.893259151162571, 0.9169593453407288], "burmese": [0.6019059450006264, 0.6063644886016846], "russian": [0.8861054122290178, 0.9066620469093323], "swahili": [0.7887290506706894, 0.8218147158622742], "telugu": [0.811688944095811, 0.8449817299842834], "chinese": [0.8730931592492533, 0.9065778255462646]}