{"spanish": [0.9002479665094776, 0.9274389147758484], "arabic": [0.8374165197542217, 0.8687110543251038], "basque": [0.7473942399873077, 0.7730329632759094], "hindi": [0.8006659156139286, 0.8319303393363953], "indonesian": [0.9155972613986954, 0.9391112327575684], "burmese": [0.6921091416393346, 0.7271082997322083], "russian": [0.9049059675672368, 0.9323567748069763], "swahili": [0.7221337845592133, 0.7230483889579773], "telugu": [0.7541744992639906, 0.7997217774391174], "chinese": [0.9082629184980096, 0.9267460703849792]}