{"spanish": [0.8605348799380145, 0.8825779557228088], "arabic": [0.7891033411538814, 0.8357564806938171], "basque": [0.7570376719645835, 0.8113167881965637], "hindi": [0.8385648444975393, 0.8688272833824158], "indonesian": [0.8574344686409403, 0.8799299001693726], "burmese": [0.6580940012226508, 0.6647835969924927], "russian": [0.8505962566182284, 0.874295711517334], "swahili": [0.688116080827227, 0.6875734329223633], "telugu": [0.7585765945840403, 0.8217670917510986], "chinese": [0.8449334839690529, 0.8615514039993286]}