{"spanish": [0.9272555202778249, 0.941063404083252], "arabic": [0.8919801810062302, 0.9235934615135193], "basque": [0.8402385124301848, 0.8806778788566589], "hindi": [0.9087060615173796, 0.931175947189331], "indonesian": [0.9100729057837763, 0.929844856262207], "burmese": [0.5918525665071451, 0.5941793918609619], "russian": [0.896833730386946, 0.9151226282119751], "swahili": [0.8388016403392007, 0.876615583896637], "telugu": [0.828504911662726, 0.8672173023223877], "chinese": [0.8908230620334671, 0.9165917038917542]}