{"spanish": [0.867075979768796, 0.8760579228401184], "arabic": [0.8050552456091762, 0.8371136784553528], "basque": [0.8129725441839583, 0.858369767665863], "hindi": [0.8452276171516062, 0.8651340007781982], "indonesian": [0.860571074828969, 0.873978853225708], "burmese": [0.8064441705957144, 0.836056113243103], "russian": [0.8470983582368203, 0.859763503074646], "swahili": [0.8157079876218704, 0.8535181283950806], "telugu": [0.7861393879455576, 0.8264220952987671], "chinese": [0.8342225626357576, 0.8539121150970459]}