{"estonian": [0.7138069897890091, 0.7492991983890533], "chinese": [0.8450485087633133, 0.8589515686035156], "indonesian": [0.8356429210305214, 0.8720056712627411], "italian": [0.837541590809822, 0.8748483955860138], "swahili": [0.6482147587537765, 0.6311187148094177], "tamil": [0.7515444612503052, 0.8174340724945068], "thai": [0.7864939916133881, 0.8323866426944733], "turkish": [0.8185216189622879, 0.8685610294342041], "vietnamese": [0.8318462942242623, 0.8628005087375641]}