{"estonian": [0.725392387509346, 0.7343340218067169], "chinese": [0.9226902996301651, 0.9445777237415314], "indonesian": [0.8903369656801223, 0.9291413128376007], "italian": [0.8413606684207916, 0.881068229675293], "swahili": [0.6552010271847248, 0.641116589307785], "tamil": [0.7768071419596672, 0.8119903206825256], "thai": [0.8436755512356758, 0.8909222483634949], "turkish": [0.8383786196112633, 0.8880398571491241], "vietnamese": [0.8849318132400513, 0.9189088344573975]}