{"estonian": [0.7914104093313217, 0.8462119698524475], "chinese": [0.8205839442610741, 0.8464488685131073], "indonesian": [0.8412900394797325, 0.8652169108390808], "italian": [0.8293790439963341, 0.8634460270404816], "swahili": [0.754526486992836, 0.8064968585968018], "tamil": [0.8029899463057518, 0.8478963077068329], "thai": [0.8112024073600769, 0.8465803265571594], "turkish": [0.7886375618577004, 0.8436749577522278], "vietnamese": [0.8307816722393035, 0.8576788306236267]}