{"estonian": [0.8227393734455108, 0.8799906373023987], "chinese": [0.9007048568725586, 0.9479063451290131], "indonesian": [0.9065824626088143, 0.9372769594192505], "italian": [0.9094886654019356, 0.9462504386901855], "swahili": [0.7535468547344207, 0.7744658589363098], "tamil": [0.8381103130578995, 0.8828262984752655], "thai": [0.846502925992012, 0.8950658142566681], "turkish": [0.8366639228463173, 0.89969801902771], "vietnamese": [0.8849792484641075, 0.9198259711265564]}