{"spanish": [0.8703138557670134, 0.9030575156211853], "arabic": [0.8156958931846228, 0.8468818068504333], "basque": [0.6904902800493569, 0.6930786967277527], "hindi": [0.7891353520137596, 0.8156816363334656], "indonesian": [0.8949198692662285, 0.9239006638526917], "burmese": [0.6692800346508001, 0.6978225111961365], "russian": [0.8797345848212883, 0.910595715045929], "swahili": [0.6788936101841974, 0.6787588000297546], "telugu": [0.7286049367811883, 0.756790280342102], "chinese": [0.8868112390322215, 0.9063816666603088]}