{"spanish": [0.8403634285390338, 0.8718022704124451], "arabic": [0.76088905606658, 0.8079166412353516], "basque": [0.682735824293052, 0.685254693031311], "hindi": [0.8205040749889743, 0.8520396947860718], "indonesian": [0.8277173510732279, 0.863804280757904], "burmese": [0.6392385404998304, 0.6401710510253906], "russian": [0.8322583646035842, 0.86341392993927], "swahili": [0.6302557587426361, 0.6110169887542725], "telugu": [0.7250660875828199, 0.7630678415298462], "chinese": [0.8312133345715973, 0.8515654802322388]}