{"spanish": [0.8470375048727645, 0.8630375862121582], "arabic": [0.7844986185618854, 0.8171266913414001], "basque": [0.7871238536230386, 0.8270009756088257], "hindi": [0.8427702952583132, 0.855718731880188], "indonesian": [0.8509530752285832, 0.8654448986053467], "burmese": [0.7818536796686588, 0.8141915798187256], "russian": [0.8340985811679746, 0.8507015109062195], "swahili": [0.7912447264382257, 0.8280143737792969], "telugu": [0.7989640494279716, 0.8325194716453552], "chinese": [0.8277561359654824, 0.8458895683288574]}