{"spanish": [0.8868284230197525, 0.9079658389091492], "arabic": [0.8554513050498432, 0.8875726461410522], "basque": [0.7793538264096928, 0.8060532808303833], "hindi": [0.8959278858394357, 0.9149574637413025], "indonesian": [0.8816856829083416, 0.900442898273468], "burmese": [0.5757292852269191, 0.5777885317802429], "russian": [0.8697920464704085, 0.8917068839073181], "swahili": [0.7803158983144438, 0.8092861771583557], "telugu": [0.8237790806178302, 0.8483713269233704], "chinese": [0.8680003166869332, 0.8938356041908264]}