{"afrikaans": [0.8131491896510125, 0.8252569437026978], "amharic": [0.33825852586163413, 0.3304497003555298], "armenian": [0.6794018991291523, 0.7190662026405334], "assamese": [0.6290732763210932, 0.6913224458694458], "basque": [0.6569191505511601, 0.7183621525764465], "bengali": [0.7165605859955152, 0.7735171914100647], "bulgarian": [0.8267024463746283, 0.8430117964744568], "burmese": [0.4929843634698126, 0.46923795342445374], "catalan": [0.8243215933773252, 0.833926260471344], "central kurdish": [0.5842640129394001, 0.5823102295398712], "croatian": [0.8133473189671835, 0.8372490704059601], "czech": [0.8238015574879116, 0.8465342223644257], "danish": [0.8325363703568777, 0.8452625870704651], "dutch": [0.8337393473916583, 0.8440403342247009], "eastern panjabi": [0.6025831750366423, 0.6452672481536865], "egyptian arabic": [0.7443382152087159, 0.771747887134552], "estonian": [0.7403583864039845, 0.7793276607990265], "finnish": [0.8310112044380771, 0.85355544090271], "french": [0.8318016489346822, 0.839398205280304], "georgian": [0.5600888509386116, 0.5732560455799103], "german": [0.8244543736510807, 0.836973249912262], "greek": [0.8390971113244693, 0.8562483191490173], "gujarati": [0.6293329331941074, 0.6771830320358276], "hausa": [0.4361343234115177, 0.38659223914146423], "hebrew": [0.7939068471391996, 0.8124700784683228], "hindi": [0.7065423867106437, 0.7350614666938782], "hungarian": [0.821271869705783, 0.839469850063324], "icelandic": [0.6247388176454438, 0.6379424333572388], "indonesian": [0.8610757842991087, 0.8679920434951782], "italian": [0.8400707291232214, 0.8456830978393555], "japanese": [0.8621795951988962, 0.8802362978458405], "javanese": [0.7032142709526751, 0.7733476161956787], "kannada": [0.5981507698694865, 0.639498770236969], "kazakh": [0.56630989872747, 0.5706844329833984], "khmer": [0.3859342691136731, 0.37715795636177063], "korean": [0.837372606297334, 0.8609423041343689], "kyrgyz": [0.5234307624730798, 0.4901120364665985], "lao": [0.2920742017030716, 0.2977001368999481], "lithuanian": [0.7037491332491239, 0.73299241065979], "macedonian": [0.8207796073953311, 0.8338517248630524], "malayalam": [0.5848499513334698, 0.6148985624313354], "marathi": [0.5363066071437464, 0.5958474278450012], "mesopotamian arabic": [0.7771145385834906, 0.8004558682441711], "modern standard arabic": [0.8029970166252719, 0.8219839930534363], "moroccan arabic": [0.6484122018184927, 0.6760099530220032], "najdi arabic": [0.8048282324936655, 0.8225781321525574], "nepali": [0.6221024500661426, 0.6917470395565033], "north azerbaijani": [0.6635988972749975, 0.7426642775535583], "north levantine arabic": [0.7560891115334298, 0.7789762616157532], "northern uzbek": [0.6847453322675493, 0.7708604335784912], "norwegian bokmal": [0.8354328227043152, 0.8434880971908569], "odia": [0.5202477202150557, 0.5403884053230286], "polish": [0.8342557844850752, 0.8528075814247131], "portuguese": [0.8459378037187788, 0.852455347776413], "romanian": [0.8442553434769312, 0.8568077385425568], "russian": [0.8459462763203515, 0.8586519956588745], "serbian": [0.810229189660814, 0.8278030157089233], "simplified chinese": [0.8404444493187798, 0.8530260920524597], "sindhi": [0.3323667888343334, 0.30617544054985046], "sinhala": [0.44152694309751195, 0.41120830178260803], "slovak": [0.7471274428400728, 0.7684386372566223], "slovenian": [0.7467339843180445, 0.7740913033485413], "somali": [0.3620449894004398, 0.36030951142311096], "southern pashto": [0.3619429589311282, 0.33658450841903687], "spanish": [0.8159229145447413, 0.823930025100708], "standard latvian": [0.6747201107111243, 0.6970301866531372], "standard malay": [0.8348096925682492, 0.8403567671775818], "sundanese": [0.7041593060559697, 0.7690494358539581], "swahili": [0.5652113385498524, 0.6257249712944031], "swedish": [0.8392134783334202, 0.8508305251598358], "tamil": [0.6536910282240973, 0.706696629524231], "telugu": [0.5802409636974335, 0.6122044324874878], "thai": [0.8011051122347513, 0.8304062485694885], "tosk albanian": [0.7602662986185815, 0.7845482230186462], "traditional chinese": [0.8446406798892551, 0.8574939370155334], "turkish": [0.8133421771393882, 0.8417622447013855], "ukrainian": [0.8378647392657068, 0.8517851829528809], "urdu": [0.6738381158643298, 0.7220496535301208], "vietnamese": [0.8387214538786146, 0.8500598073005676], "western persian": [0.8001777053541608, 0.8255332708358765], "xhosa": [0.32099508166313173, 0.2975165694952011]}