{"afrikaans": [0.7919256375895606, 0.8068848252296448], "amharic": [0.373158818019761, 0.3693808615207672], "armenian": [0.6102034490969446, 0.6033163964748383], "assamese": [0.5979951518774033, 0.5970057249069214], "basque": [0.6456198005212678, 0.6672471165657043], "bengali": [0.7129900482296944, 0.7414981424808502], "bulgarian": [0.8063025413619147, 0.8295620679855347], "burmese": [0.48746711870034537, 0.4787023961544037], "catalan": [0.8216965126991272, 0.8368317484855652], "central kurdish": [0.4383404443330235, 0.4204690456390381], "croatian": [0.8033711952633328, 0.82366943359375], "czech": [0.7937776029772229, 0.8155214786529541], "danish": [0.8021563822693295, 0.8146735429763794], "dutch": [0.8314737497435676, 0.8445745706558228], "eastern panjabi": [0.6217750260896153, 0.6274375319480896], "egyptian arabic": [0.7028957685165935, 0.7271742522716522], "estonian": [0.7148337969846196, 0.7293365001678467], "finnish": [0.7891105770733622, 0.8047729134559631], "french": [0.8452661142746607, 0.8563307225704193], "georgian": [0.5170017419589891, 0.5120970904827118], "german": [0.816059246328142, 0.8267438411712646], "greek": [0.7883449229598045, 0.8068508505821228], "gujarati": [0.6429853939347797, 0.6435024738311768], "hausa": [0.4437324524588055, 0.43067044019699097], "hebrew": [0.7659387058681912, 0.7809732854366302], "hindi": [0.7690041257606612, 0.789568305015564], "hungarian": [0.8022632477680842, 0.8233200907707214], "icelandic": [0.5961551785469055, 0.6006328463554382], "indonesian": [0.8205113559961319, 0.8356651067733765], "italian": [0.8442415514257219, 0.8571877479553223], "japanese": [0.8200202394856347, 0.8338608741760254], "javanese": [0.6501991249124209, 0.6798954010009766], "kannada": [0.5822417205903265, 0.5832357704639435], "kazakh": [0.6035274145338271, 0.5728921294212341], "khmer": [0.43945039537217884, 0.4325816333293915], "korean": [0.8045697390370898, 0.8264126777648926], "kyrgyz": [0.5373146139250862, 0.5042300224304199], "lao": [0.3979668464594417, 0.3996467590332031], "lithuanian": [0.6864044894443618, 0.7029595375061035], "macedonian": [0.8193445300393635, 0.8397090435028076], "malayalam": [0.49961056480805077, 0.48843540251255035], "marathi": [0.5825415577159988, 0.6208484172821045], "mesopotamian arabic": [0.7478170061442587, 0.7663514614105225], "modern standard arabic": [0.753441558778286, 0.7687959671020508], "moroccan arabic": [0.6463798899120755, 0.672781765460968], "najdi arabic": [0.7551190163029565, 0.7695261240005493], "nepali": [0.7323435218135516, 0.775481641292572], "north azerbaijani": [0.6878720180855857, 0.721801221370697], "north levantine arabic": [0.719952436056402, 0.7340973615646362], "northern uzbek": [0.6666977450913854, 0.6864833235740662], "norwegian bokmal": [0.8160032916731305, 0.8326765298843384], "odia": [0.51714340246386, 0.5222641229629517], "polish": [0.7923574097288979, 0.8044487833976746], "portuguese": [0.8207665826876959, 0.8331843018531799], "romanian": [0.8301164749595854, 0.8490070104598999], "russian": [0.8189024741782083, 0.8346615135669708], "serbian": [0.7983258364597956, 0.8142411112785339], "simplified chinese": [0.812631356385019, 0.8254149556159973], "sindhi": [0.3929825156595972, 0.3749973624944687], "sinhala": [0.402782451013724, 0.3852328360080719], "slovak": [0.7348022932476468, 0.7568352818489075], "slovenian": [0.743563899828328, 0.7585515379905701], "somali": [0.4073577167921596, 0.40400122106075287], "southern pashto": [0.4463171543015374, 0.43012526631355286], "spanish": [0.8416546683841282, 0.8506289720535278], "standard latvian": [0.662603597872787, 0.6732572317123413], "standard malay": [0.7886540113555061, 0.8012860417366028], "sundanese": [0.6433870317869717, 0.6673198938369751], "swahili": [0.5895922727386157, 0.590268611907959], "swedish": [0.8241444629430771, 0.8360876739025116], "tamil": [0.581889521016015, 0.5883220136165619], "telugu": [0.5348400627573331, 0.5420188307762146], "thai": [0.7519171710146798, 0.7715664505958557], "tosk albanian": [0.7136486928330528, 0.7325669527053833], "traditional chinese": [0.8065501493877835, 0.8204801678657532], "turkish": [0.7835329651501444, 0.8008845746517181], "ukrainian": [0.8000650468137529, 0.8133940696716309], "urdu": [0.6797653559512562, 0.712846040725708], "vietnamese": [0.8190284295876821, 0.8282168507575989], "western persian": [0.7984536038504706, 0.8182876706123352], "xhosa": [0.3811619545353784, 0.384620726108551]}