{"afrikaans": [0.8501509841283162, 0.8546688556671143], "amharic": [0.5723848531312413, 0.5635198950767517], "armenian": [0.5803297007911735, 0.49450698494911194], "assamese": [0.7741129976842138, 0.8156342804431915], "basque": [0.8265980950329039, 0.8368146419525146], "bengali": [0.833395754132006, 0.8511155247688293], "bulgarian": [0.8375590436326132, 0.8421707153320312], "burmese": [0.49783193495538497, 0.41237348318099976], "catalan": [0.8502247534857856, 0.8546250462532043], "central kurdish": [0.7125585304366218, 0.7355412244796753], "croatian": [0.8414083434806929, 0.8471431136131287], "czech": [0.8428029391500685, 0.8513818383216858], "danish": [0.863663070930375, 0.8676042258739471], "dutch": [0.8395971446567112, 0.8461366295814514], "eastern panjabi": [0.8192323845624924, 0.8419433832168579], "egyptian arabic": [0.8071476502550973, 0.8147076368331909], "estonian": [0.8488449367880821, 0.8556674718856812], "finnish": [0.8652696469095018, 0.8732884526252747], "french": [0.8489492072661717, 0.855745255947113], "georgian": [0.6095938337511486, 0.506808876991272], "german": [0.8552471451626884, 0.8591115474700928], "greek": [0.8418476113345887, 0.8480249643325806], "gujarati": [0.8226511593328582, 0.8500162959098816], "hausa": [0.7227951976988051, 0.7535675764083862], "hebrew": [0.8431090292003419, 0.8483542203903198], "hindi": [0.8518167633811633, 0.8615146279335022], "hungarian": [0.8466196106539832, 0.8536169826984406], "icelandic": [0.8066199815273285, 0.8218397796154022], "indonesian": [0.8581138859854804, 0.8608978390693665], "italian": [0.8450379242499669, 0.8482770919799805], "japanese": [0.8480475818779734, 0.854993999004364], "javanese": [0.8053954655594296, 0.8129322528839111], "kannada": [0.810506574511528, 0.830008864402771], "kazakh": [0.8213038826651043, 0.8382542729377747], "khmer": [0.6878532929221789, 0.7844690382480621], "korean": [0.8398407573170132, 0.8482739329338074], "kyrgyz": [0.7902329577671157, 0.8154456913471222], "lao": [0.6432966568403774, 0.6689132452011108], "lithuanian": [0.8224855327937338, 0.8320871591567993], "macedonian": [0.8343497758441502, 0.8419786095619202], "malayalam": [0.8081308681103918, 0.8349454998970032], "marathi": [0.8246528286735216, 0.8427077531814575], "mesopotamian arabic": [0.8055158272385597, 0.8171434998512268], "modern standard arabic": [0.8326681065228251, 0.8415350019931793], "moroccan arabic": [0.7459180329243342, 0.7656435072422028], "najdi arabic": [0.8273263220654593, 0.8379665613174438], "nepali": [0.842994572520256, 0.8594488501548767], "north azerbaijani": [0.8226319147480858, 0.8362534046173096], "north levantine arabic": [0.8037410960594813, 0.8140913248062134], "northern uzbek": [0.821147193312645, 0.8370184898376465], "norwegian bokmal": [0.848051368660397, 0.8528034687042236], "odia": [0.7893023513754209, 0.822157084941864], "polish": [0.8224566410647498, 0.8284952938556671], "portuguese": [0.8584282504849964, 0.8608204424381256], "romanian": [0.8506656303670671, 0.8588532209396362], "russian": [0.8308595332172182, 0.8384284377098083], "serbian": [0.8353205174869961, 0.8417039215564728], "simplified chinese": [0.8357080802487002, 0.8441381454467773], "sindhi": [0.7805459494392077, 0.808616429567337], "sinhala": [0.7587922923763593, 0.8087270259857178], "slovak": [0.8390773457619879, 0.8445618152618408], "slovenian": [0.8371522778272629, 0.8458792567253113], "somali": [0.5416285766164461, 0.5397201776504517], "southern pashto": [0.7578471270534727, 0.7887043356895447], "spanish": [0.8385319381290012, 0.8416334688663483], "standard latvian": [0.8284942386547725, 0.8368710875511169], "standard malay": [0.8508556522925694, 0.8560604155063629], "sundanese": [0.7964231124851439, 0.8099105954170227], "swahili": [0.7903781820668114, 0.8099517226219177], "swedish": [0.8596690440509054, 0.8647031188011169], "tamil": [0.772995879004399, 0.81122887134552], "telugu": [0.7917870797051324, 0.8256121575832367], "thai": [0.8483029265536203, 0.8569249510765076], "tosk albanian": [0.8389649499787225, 0.8469195365905762], "traditional chinese": [0.8305830322371589, 0.8412382006645203], "turkish": [0.846383403274748, 0.8574004769325256], "ukrainian": [0.8331116804149415, 0.8394081890583038], "urdu": [0.8215873968932363, 0.8403115272521973], "vietnamese": [0.8383940976858139, 0.844618022441864], "western persian": [0.8388460458318392, 0.8478701114654541], "xhosa": [0.5827539352741506, 0.6212817430496216]}