{"afrikaans": [0.8246055454678005, 0.8339647054672241], "amharic": [0.463942828045951, 0.5037499666213989], "armenian": [0.7337726562221845, 0.7563647925853729], "assamese": [0.6922959029012257, 0.7252877354621887], "basque": [0.7957558021942774, 0.8084555566310883], "bengali": [0.7920985707640648, 0.8085982501506805], "bulgarian": [0.8425231311718623, 0.8539558053016663], "burmese": [0.6344847162399027, 0.6653039455413818], "catalan": [0.8398898887634277, 0.8491755127906799], "central kurdish": [0.6680275964074665, 0.6829550266265869], "croatian": [0.8376778024435043, 0.8453769087791443], "czech": [0.827354481154018, 0.8376697301864624], "danish": [0.84361833539274, 0.848312258720398], "dutch": [0.8334045353862974, 0.8414422571659088], "eastern panjabi": [0.7604783276716868, 0.7838989496231079], "egyptian arabic": [0.7178993766175376, 0.7284653186798096], "estonian": [0.8301543830169572, 0.8480530381202698], "finnish": [0.834074138071802, 0.843482494354248], "french": [0.8389667400386598, 0.8481237888336182], "georgian": [0.7080671184592777, 0.7245393991470337], "german": [0.8243801172574361, 0.8307810425758362], "greek": [0.8225335232416788, 0.8305148482322693], "gujarati": [0.7543970877263281, 0.7777918577194214], "hausa": [0.6038953868548075, 0.6102981269359589], "hebrew": [0.8171258548895518, 0.8286094069480896], "hindi": [0.7970890760421753, 0.8073889911174774], "hungarian": [0.8255095043447283, 0.8361495137214661], "icelandic": [0.7488786956336764, 0.7606585323810577], "indonesian": [0.8388948486248652, 0.8455592393875122], "italian": [0.8454825811253653, 0.8507550954818726], "japanese": [0.8215167087316513, 0.8301480412483215], "javanese": [0.7224029750294155, 0.7289609909057617], "kannada": [0.7432643253935708, 0.770478218793869], "kazakh": [0.7885313981440332, 0.806762158870697], "khmer": [0.7101046244303385, 0.7444624900817871], "korean": [0.7996655054887136, 0.8098298907279968], "kyrgyz": [0.7393503199683296, 0.7623133957386017], "lao": [0.5692323616147041, 0.6141382455825806], "lithuanian": [0.7950948020484713, 0.8105624914169312], "macedonian": [0.852864860759841, 0.861217737197876], "malayalam": [0.7070407462120056, 0.7329012751579285], "marathi": [0.6847733414504263, 0.7024850845336914], "mesopotamian arabic": [0.7241119602322579, 0.7429774403572083], "modern standard arabic": [0.7793164767159356, 0.7955091595649719], "moroccan arabic": [0.5432901365558306, 0.5463591814041138], "najdi arabic": [0.774631029897266, 0.789667010307312], "nepali": [0.8049004611704085, 0.8243236839771271], "north azerbaijani": [0.7932242671317524, 0.8074121177196503], "north levantine arabic": [0.7017285508910814, 0.7122220396995544], "northern uzbek": [0.7680138332976235, 0.7833311557769775], "norwegian bokmal": [0.8411077945099936, 0.8486210107803345], "odia": [0.7212693129976591, 0.7546956539154053], "polish": [0.7879015178150601, 0.7984249591827393], "portuguese": [0.8313356188933054, 0.8364673852920532], "romanian": [0.8476092333263822, 0.8621571958065033], "russian": [0.8181518587138917, 0.8305675983428955], "serbian": [0.8305877518653869, 0.8413632214069366], "simplified chinese": [0.8123240358961953, 0.8231493234634399], "sindhi": [0.6679585684670343, 0.6865318417549133], "sinhala": [0.6617131754755974, 0.706707239151001], "slovak": [0.8224452279011408, 0.8324157297611237], "slovenian": [0.8181074764331182, 0.8294649124145508], "somali": [0.460405029422707, 0.47739894688129425], "southern pashto": [0.6622602346870634, 0.6823637783527374], "spanish": [0.8419137971931033, 0.846928209066391], "standard latvian": [0.8046101931730906, 0.8168754279613495], "standard malay": [0.8266137594646877, 0.8356356620788574], "sundanese": [0.7106831310855017, 0.7247906923294067], "swahili": [0.766660763753785, 0.7875019311904907], "swedish": [0.8491269550389714, 0.8561804294586182], "tamil": [0.7010554614663124, 0.7298500835895538], "telugu": [0.6981998130016857, 0.7238413691520691], "thai": [0.8034690423806509, 0.8165673017501831], "tosk albanian": [0.8136491713258955, 0.8293493986129761], "traditional chinese": [0.7999879876441426, 0.8146320581436157], "turkish": [0.8104357608159383, 0.8197662234306335], "ukrainian": [0.8088857821623484, 0.8195702731609344], "urdu": [0.75155685176452, 0.7635953426361084], "vietnamese": [0.8246111555894216, 0.8353072702884674], "western persian": [0.8118055338660876, 0.8277302384376526], "xhosa": [0.48622001426087486, 0.4970569312572479]}