{"spanish": [0.8651684426772208, 0.8978886604309082], "arabic": [0.8126190766090593, 0.8416138291358948], "basque": [0.6899928369126045, 0.7012372612953186], "hindi": [0.7809936736570455, 0.8070055246353149], "indonesian": [0.8909851127038485, 0.9229477047920227], "burmese": [0.6623608249749354, 0.695151150226593], "russian": [0.8805389503900931, 0.9088813662528992], "swahili": [0.668739736159064, 0.6687836050987244], "telugu": [0.7264552842122999, 0.7535278797149658], "chinese": [0.8840831842823268, 0.9060549139976501]}