{"spanish": [0.8397646755039258, 0.8711563944816589], "arabic": [0.7538817787430762, 0.8005671501159668], "basque": [0.6812662399422641, 0.6918573379516602], "hindi": [0.8177860129124119, 0.8477674722671509], "indonesian": [0.8266625979300132, 0.8634414672851562], "burmese": [0.6328089263248254, 0.6302838325500488], "russian": [0.8320617747377829, 0.8633205890655518], "swahili": [0.625141234842852, 0.6102594137191772], "telugu": [0.7211583840539327, 0.759015679359436], "chinese": [0.829038182131744, 0.8504335880279541]}