{"spanish": [0.8843362621326939, 0.9050585627555847], "arabic": [0.8568480567455607, 0.8861722350120544], "basque": [0.776129007181689, 0.8084983229637146], "hindi": [0.8855665738932902, 0.9097629189491272], "indonesian": [0.880924386429045, 0.9032594561576843], "burmese": [0.5666220625215299, 0.5633478164672852], "russian": [0.8661780633096423, 0.8887143731117249], "swahili": [0.7757094306988404, 0.7978270649909973], "telugu": [0.8072202667584094, 0.838299572467804], "chinese": [0.8658310316754524, 0.8907516002655029]}