{"spanish": [0.8431927822308379, 0.8617927432060242], "arabic": [0.7844988947313878, 0.8186923265457153], "basque": [0.7849287769598806, 0.8246808052062988], "hindi": [0.8371613016197967, 0.8535289168357849], "indonesian": [0.8503061917189492, 0.8655322790145874], "burmese": [0.7761605214315247, 0.8022823333740234], "russian": [0.8316390492480611, 0.8480973243713379], "swahili": [0.7909324566194508, 0.8237113952636719], "telugu": [0.7887927652352066, 0.8256388902664185], "chinese": [0.8260193883504874, 0.8441060781478882]}