{"spanish": [0.8634014050744371, 0.8955645561218262], "arabic": [0.8048280228415047, 0.8393051624298096], "basque": [0.6953297956131058, 0.7019429802894592], "hindi": [0.7798832142928986, 0.8081526160240173], "indonesian": [0.8891158359757644, 0.9173117280006409], "burmese": [0.65411239928516, 0.6882348656654358], "russian": [0.8768338528119674, 0.9067615866661072], "swahili": [0.6701020375337923, 0.6753576397895813], "telugu": [0.7206535423870989, 0.7453432083129883], "chinese": [0.8788405547743203, 0.9022465348243713]}