{"spanish": [0.838486337981265, 0.8679128289222717], "arabic": [0.7507312672174505, 0.7964025735855103], "basque": [0.6898889194688286, 0.7042462825775146], "hindi": [0.8177894736898411, 0.8480168581008911], "indonesian": [0.8273403710438509, 0.8617924451828003], "burmese": [0.6219427975734128, 0.6263679265975952], "russian": [0.8293580639883038, 0.8615751266479492], "swahili": [0.6289329127039364, 0.6123288869857788], "telugu": [0.7196441094343589, 0.7544456720352173], "chinese": [0.8266459219034423, 0.8486260771751404]}