{"spanish": [0.8858595812738849, 0.9065760374069214], "arabic": [0.8483281854286169, 0.8788430094718933], "basque": [0.7769235060319137, 0.8021947741508484], "hindi": [0.8846435218674705, 0.9070744514465332], "indonesian": [0.878034852242959, 0.8986483216285706], "burmese": [0.5699457992669528, 0.5717615485191345], "russian": [0.8646071303727058, 0.885994553565979], "swahili": [0.7718875858067362, 0.7940489649772644], "telugu": [0.8065448931161336, 0.8369156718254089], "chinese": [0.8614672337400447, 0.8908249735832214]}