{"spanish": [0.8428253629876635, 0.8599820137023926], "arabic": [0.7787119983482803, 0.813761293888092], "basque": [0.7781648080053903, 0.8158726692199707], "hindi": [0.8362715095577454, 0.8538151979446411], "indonesian": [0.8481431259649783, 0.864789605140686], "burmese": [0.7758479094087171, 0.8034651279449463], "russian": [0.8298760275624589, 0.8475008010864258], "swahili": [0.7858347872445948, 0.8213586807250977], "telugu": [0.7854674568955745, 0.824629008769989], "chinese": [0.8215144616061689, 0.8426865339279175]}