{"estonian": [0.7193968583345414, 0.7346693873405457], "chinese": [0.9043943555355072, 0.9280416667461395], "indonesian": [0.8942992302179337, 0.9253541827201843], "italian": [0.8536774516105652, 0.89278244972229], "swahili": [0.6295763348937035, 0.620196521282196], "tamil": [0.7534703891277313, 0.7861859798431396], "thai": [0.8272428098917007, 0.8634767234325409], "turkish": [0.8523550959229469, 0.903404176235199], "vietnamese": [0.8699367140233517, 0.9105594456195831]}