{"estonian": [0.7191702802181243, 0.7495008707046509], "chinese": [0.8433547495603562, 0.8598645925521851], "indonesian": [0.842194142460823, 0.8739954829216003], "italian": [0.8400670595765114, 0.8785150349140167], "swahili": [0.6160418651103974, 0.5914755463600159], "tamil": [0.7406214845180511, 0.8055832087993622], "thai": [0.7762734642624856, 0.8281072974205017], "turkish": [0.8214906670451164, 0.8715099692344666], "vietnamese": [0.817562117934227, 0.8574558794498444]}