{"estonian": [0.8123319505453109, 0.8588561713695526], "chinese": [0.8670225217938423, 0.9156575798988342], "indonesian": [0.9092315948605537, 0.9313711225986481], "italian": [0.9103737789988517, 0.9418908059597015], "swahili": [0.7376386299729347, 0.7523457705974579], "tamil": [0.829435795545578, 0.8622286021709442], "thai": [0.8165477939844131, 0.8623914420604706], "turkish": [0.8477720766663551, 0.8901292681694031], "vietnamese": [0.8728684509396553, 0.9062783122062683]}