{"estonian": [0.788321705698967, 0.85181525349617], "chinese": [0.8135880598425865, 0.845451831817627], "indonesian": [0.849996995151043, 0.8656471073627472], "italian": [0.8431709170937538, 0.8678617477416992], "swahili": [0.7623754907846451, 0.8028308153152466], "tamil": [0.8037174867391587, 0.8363765180110931], "thai": [0.8040281549096108, 0.8417061865329742], "turkish": [0.808384330868721, 0.8507561981678009], "vietnamese": [0.8363455011248588, 0.8559234738349915]}