{"mesopotamian arabic": [0.8093350207805634, 0.8311498463153839], "afrikaans": [0.8220454877614976, 0.8383902907371521], "tosk albanian": [0.8127621254324913, 0.8335784077644348], "amharic": [0.40554782599210737, 0.38635607063770294], "north levantine arabic": [0.7886711865663528, 0.8086568713188171], "modern standard arabic": [0.8101498921215534, 0.8310270607471466], "najdi arabic": [0.8188488429784775, 0.839288741350174], "moroccan arabic": [0.6443462502956391, 0.6726470291614532], "egyptian arabic": [0.7582127200067044, 0.7908229529857635], "assamese": [0.694980486780405, 0.7362256050109863], "north azerbaijani": [0.747599550485611, 0.783629983663559], "bengali": [0.7809501832723618, 0.8099404275417328], "bulgarian": [0.8593211311101914, 0.8697143793106079], "catalan": [0.857402709722519, 0.8726159930229187], "czech": [0.8640538792312146, 0.9033735394477844], "central kurdish": [0.6044124642014503, 0.6036969125270844], "danish": [0.8646014177799225, 0.8948047757148743], "german": [0.8561718082427978, 0.8726976215839386], "greek": [0.8442907485365868, 0.8691011965274811], "estonian": [0.7896532598137855, 0.8131259679794312], "basque": [0.7447021135687828, 0.7603065371513367], "finnish": [0.85739107131958, 0.8848494589328766], "french": [0.8645873701572419, 0.8775952756404877], "gujarati": [0.7131755328178406, 0.7441871762275696], "hausa": [0.5686933493614197, 0.6376374959945679], "hebrew": [0.8299619981646538, 0.858763575553894], "hindi": [0.7573831798136235, 0.769000768661499], "croatian": [0.8537028419971466, 0.8741041719913483], "hungarian": [0.8493926072120667, 0.864639401435852], "armenian": [0.7825923073291778, 0.8479804396629333], "indonesian": [0.8831423538923263, 0.8994318246841431], "icelandic": [0.6629813446104527, 0.6726393699645996], "italian": [0.8732300400733948, 0.8881155550479889], "javanese": [0.7838791173696518, 0.8108788728713989], "japanese": [0.8887790390849113, 0.9039847254753113], "kannada": [0.6580973981320858, 0.718971848487854], "georgian": [0.6946563363075257, 0.7181515097618103], "kazakh": [0.7061428998410701, 0.747684508562088], "khmer": [0.42382765844464304, 0.39683063328266144], "kyrgyz": [0.648121544867754, 0.6970451474189758], "korean": [0.8623895555734634, 0.884387880563736], "lao": [0.3369550274312496, 0.3344394117593765], "lithuanian": [0.7746066072583199, 0.8001760840415955], "standard latvian": [0.7325678393244743, 0.7588396966457367], "malayalam": [0.6788981387019157, 0.7241701483726501], "marathi": [0.6339096873998642, 0.6517637073993683], "macedonian": [0.843368713259697, 0.8626838624477386], "burmese": [0.5817406666278839, 0.5784846246242523], "dutch": [0.8614173769950867, 0.8740586936473846], "norwegian bokmal": [0.8677547073364258, 0.8895183205604553], "nepali": [0.7173670230805874, 0.7404192984104156], "odia": [0.6043929308652878, 0.6295959055423737], "eastern panjabi": [0.6762980240583419, 0.721117228269577], "southern pashto": [0.48488521203398705, 0.42123714089393616], "western persian": [0.8473215985298157, 0.8662963509559631], "polish": [0.8534249496459961, 0.875880241394043], "portuguese": [0.8884715491533279, 0.9034509360790253], "romanian": [0.8767894160747528, 0.9011650383472443], "russian": [0.8665769678354264, 0.8802043795585632], "sinhala": [0.5712071704864502, 0.5926086902618408], "slovak": [0.8157710601389409, 0.8652954697608948], "slovenian": [0.8144725093245506, 0.8531211018562317], "sindhi": [0.48746517300605774, 0.49334147572517395], "somali": [0.43930950194597246, 0.43650831282138824], "spanish": [0.8511373794078827, 0.8629423975944519], "serbian": [0.8418700140714646, 0.8743115365505219], "sundanese": [0.7624459792673588, 0.7975797653198242], "swedish": [0.8820602172613143, 0.8949514627456665], "swahili": [0.6541480006277561, 0.671740859746933], "tamil": [0.7333665697276592, 0.7965200841426849], "telugu": [0.6714815829694271, 0.7255610823631287], "thai": [0.8452514559030533, 0.8623204827308655], "turkish": [0.8476293051242828, 0.8731674551963806], "ukrainian": [0.8659987479448319, 0.8798353970050812], "urdu": [0.7305934543907643, 0.7472527027130127], "northern uzbek": [0.809252541065216, 0.8472352027893066], "vietnamese": [0.8707163190841675, 0.8903722167015076], "xhosa": [0.3825505006313324, 0.33136050403118134], "simplified chinese": [0.8695136898756027, 0.8888275623321533], "traditional chinese": [0.8735829162597656, 0.8957764804363251], "standard malay": [0.8617756122350693, 0.8797705769538879]}