{"mesopotamian arabic": [0.7652781188488007, 0.7876141369342804], "afrikaans": [0.7800943258404732, 0.8113924562931061], "tosk albanian": [0.7597774565219879, 0.8000316321849823], "amharic": [0.3779264122247696, 0.37072834372520447], "north levantine arabic": [0.7391795405745506, 0.7632166743278503], "modern standard arabic": [0.7528463345766068, 0.7757236957550049], "najdi arabic": [0.7612485632300376, 0.7881811559200287], "moroccan arabic": [0.6480765330791474, 0.6622214317321777], "egyptian arabic": [0.7105572617053986, 0.7352516949176788], "assamese": [0.7121150070428848, 0.7563897967338562], "north azerbaijani": [0.7566946160793304, 0.7844547033309937], "bengali": [0.793997406065464, 0.8194423913955688], "bulgarian": [0.8265868252515793, 0.8596746325492859], "catalan": [0.8285397610068321, 0.8598700165748596], "czech": [0.8216386666893959, 0.8690468370914459], "central kurdish": [0.5027553635835648, 0.46270960569381714], "danish": [0.8200847226381301, 0.8590750992298126], "german": [0.8300647342205048, 0.841185599565506], "greek": [0.8040190881490707, 0.8413554430007935], "estonian": [0.7510911533236504, 0.7834352850914001], "basque": [0.7239264088869095, 0.72881019115448], "finnish": [0.8126947766542435, 0.832916647195816], "french": [0.8618223798274994, 0.8764663934707642], "gujarati": [0.7436026507616043, 0.7733180820941925], "hausa": [0.5077949371933937, 0.5041947960853577], "hebrew": [0.7984229189157486, 0.8335089087486267], "hindi": [0.8040586963295937, 0.815844863653183], "croatian": [0.8372055366635323, 0.8577836155891418], "hungarian": [0.8287673771381379, 0.8572211265563965], "armenian": [0.7689470574259758, 0.8082146644592285], "indonesian": [0.8208583995699883, 0.8506505489349365], "icelandic": [0.639365459382534, 0.6457735300064087], "italian": [0.8561822819709778, 0.8761274814605713], "javanese": [0.7023304766416549, 0.7302506566047668], "japanese": [0.8527523696422576, 0.8686482906341553], "kannada": [0.7038595789670944, 0.7526552379131317], "georgian": [0.6852023681998253, 0.7000310122966766], "kazakh": [0.6962006843090057, 0.7156144380569458], "khmer": [0.46391377836465836, 0.42467622458934784], "kyrgyz": [0.6381415539979934, 0.6301355063915253], "korean": [0.8401940163969993, 0.8672422170639038], "lao": [0.3968197649717331, 0.39024850726127625], "lithuanian": [0.7524544289708137, 0.7644056081771851], "standard latvian": [0.7007208007574082, 0.7125481963157654], "malayalam": [0.6413197267055512, 0.6753165125846863], "marathi": [0.6710344234108925, 0.6999371349811554], "macedonian": [0.8255581760406494, 0.8570363223552704], "burmese": [0.550026231110096, 0.5149892568588257], "dutch": [0.8410199081897736, 0.8629882335662842], "norwegian bokmal": [0.8353253722190856, 0.8709474503993988], "nepali": [0.8030036896467209, 0.8292607963085175], "odia": [0.6338882225751877, 0.6366941630840302], "eastern panjabi": [0.7368801641464233, 0.7864170372486115], "southern pashto": [0.5296073597669602, 0.5000831484794617], "western persian": [0.8325718832015991, 0.8498089015483856], "polish": [0.8151951241493225, 0.8407810926437378], "portuguese": [0.8427646315097809, 0.864190012216568], "romanian": [0.8465071898698807, 0.8790286481380463], "russian": [0.832875651717186, 0.8551934063434601], "sinhala": [0.5164426779747009, 0.4837726950645447], "slovak": [0.7769845607876777, 0.8207870721817017], "slovenian": [0.791028287410736, 0.8112643361091614], "sindhi": [0.5152294352650643, 0.5101834237575531], "somali": [0.4408673816919327, 0.42714157700538635], "spanish": [0.8556552481651306, 0.8742128610610962], "serbian": [0.8268653309345245, 0.8557688593864441], "sundanese": [0.6941200023889542, 0.7259210050106049], "swedish": [0.836820797920227, 0.858885258436203], "swahili": [0.6258215299248695, 0.6087660193443298], "tamil": [0.70752646535635, 0.7629905939102173], "telugu": [0.648527939915657, 0.6946766972541809], "thai": [0.7844385921955108, 0.8013214766979218], "turkish": [0.813471292257309, 0.8398844003677368], "ukrainian": [0.819662589430809, 0.8496548235416412], "urdu": [0.7373698118329048, 0.759569376707077], "northern uzbek": [0.7569494992494583, 0.7813989818096161], "vietnamese": [0.8298695939779281, 0.8459042906761169], "xhosa": [0.3944052252173424, 0.3845520466566086], "simplified chinese": [0.8277597939968109, 0.8476030826568604], "traditional chinese": [0.8208158546686173, 0.8455027639865875], "standard malay": [0.8037700027227401, 0.8197610676288605]}