{"mesopotamian arabic": [0.7684243112802506, 0.7932769060134888], "afrikaans": [0.8302473762631416, 0.8521656692028046], "tosk albanian": [0.8345911473035812, 0.8605506122112274], "amharic": [0.6059866634011268, 0.601844996213913], "north levantine arabic": [0.7537434905767441, 0.7659465670585632], "modern standard arabic": [0.795653874874115, 0.8136334419250488], "modern standard arabic_romanized": [0.4679408657550812, 0.456138014793396], "najdi arabic": [0.7978332287073135, 0.8131880164146423], "moroccan arabic": [0.6166706502437591, 0.6308830380439758], "egyptian arabic": [0.7494231200218201, 0.7753018438816071], "assamese": [0.7831257271766663, 0.7827610969543457], "north azerbaijani": [0.8308504968881607, 0.8554176390171051], "bambara": [0.45559773087501526, 0.4471186250448227], "bengali": [0.8398154413700104, 0.8485217988491058], "standard tibetan": [0.33078489944338796, 0.319241464138031], "bulgarian": [0.8593557202816009, 0.8672709465026855], "catalan": [0.8548810213804245, 0.8680528700351715], "cebuano": [0.7025624176859856, 0.7185799181461334], "czech": [0.8440387159585953, 0.8593247830867767], "central kurdish": [0.7536402183771134, 0.7646540701389313], "french": [0.84688605427742, 0.8637266159057617], "danish": [0.8458503642678261, 0.8648892939090729], "german": [0.8388331657648087, 0.848744124174118], "greek": [0.8323379999399185, 0.8488955199718475], "estonian": [0.8432798463106156, 0.8684633076190948], "basque": [0.8291655570268631, 0.856212854385376], "finnish": [0.8560011684894562, 0.8697080910205841], "nigerian fulfulde": [0.46963331490755084, 0.4718756079673767], "west central oromo": [0.5184755146503448, 0.5103533864021301], "guarani": [0.4882680335640907, 0.5017020106315613], "gujarati": [0.8163021528720855, 0.8266572654247284], "haitian creole": [0.6571015655994416, 0.6583390831947327], "hausa": [0.6800845256447792, 0.6947848796844482], "hebrew": [0.8291145944595337, 0.8471114039421082], "hindi": [0.8287321215867997, 0.8474732637405396], "croatian": [0.8496276473999024, 0.8645276725292206], "hungarian": [0.8466863870620728, 0.8602747321128845], "armenian": [0.8098888769745827, 0.856272429227829], "igbo": [0.43117074608802797, 0.4194220006465912], "ilocano": [0.5428731870651246, 0.533088892698288], "indonesian": [0.8487530401349068, 0.8658453822135925], "icelandic": [0.7865294474363327, 0.79563108086586], "italian": [0.8576713562011719, 0.8695158064365387], "javanese": [0.7713548807799816, 0.7960080802440643], "japanese": [0.8480530941486358, 0.8547350764274597], "jingpho": [0.3679791846871376, 0.35376447439193726], "kannada": [0.8085914158821106, 0.8188871145248413], "georgian": [0.7872329282760621, 0.8236687183380127], "kazakh": [0.8304267984628677, 0.856274425983429], "kabuverdianu": [0.6990671065449715, 0.7118220031261444], "halh mongolian": [0.7305145019292831, 0.7403893172740936], "khmer": [0.8045911711454391, 0.8207874894142151], "kinyarwanda": [0.48707400292158126, 0.4745313823223114], "kyrgyz": [0.7867341166734696, 0.8151639699935913], "korean": [0.8288022792339325, 0.8494865298271179], "lao": [0.6579286497831345, 0.6472946405410767], "lingala": [0.43448934704065323, 0.41018910706043243], "lithuanian": [0.8146066272258758, 0.8308680951595306], "ganda": [0.4901092404127121, 0.48215441405773163], "luo": [0.4848565638065338, 0.470891535282135], "standard latvian": [0.8243528831005097, 0.844710648059845], "malayalam": [0.8051624611020088, 0.8234160244464874], "marathi": [0.7514547917246819, 0.7649953365325928], "macedonian": [0.8583872991800309, 0.8762975037097931], "maltese": [0.8003737968206406, 0.8329145312309265], "maori": [0.5088957208395004, 0.505675733089447], "burmese": [0.7237260016798973, 0.7483000755310059], "dutch": [0.8503985065221786, 0.8582602143287659], "norwegian bokmal": [0.8503181773424149, 0.8624202311038971], "nepali": [0.8528563463687897, 0.8628091216087341], "northern sotho": [0.4670092406868935, 0.4654965400695801], "nyanja": [0.5123543351888656, 0.49250660836696625], "odia": [0.792336469590664, 0.8056249618530273], "eastern panjabi": [0.8171866965293885, 0.8337796926498413], "southern pashto": [0.756937930881977, 0.7880722880363464], "western persian": [0.8301863270998001, 0.8452053070068359], "plateau malagasy": [0.61417690128088, 0.6238170266151428], "polish": [0.8030390918254853, 0.8199723660945892], "portuguese": [0.8481627100706101, 0.8554204702377319], "romanian": [0.8632096147537232, 0.8783809244632721], "russian": [0.8338959163427353, 0.8459883332252502], "shan": [0.4405110573768616, 0.4348658323287964], "sinhala": [0.7683516976237297, 0.7942793071269989], "slovak": [0.8347168669104577, 0.85360386967659], "slovenian": [0.8394640827178955, 0.8563047349452972], "shona": [0.5201389238238334, 0.5116786658763885], "sindhi": [0.7217610463500023, 0.7405285537242889], "somali": [0.573063477948308, 0.5660914778709412], "southern sotho": [0.4762786856293678, 0.47027046978473663], "spanish": [0.8520228117704391, 0.862268716096878], "serbian": [0.8470609211921691, 0.8612593114376068], "swati": [0.5054687723517418, 0.49526913464069366], "sundanese": [0.7662197905778885, 0.7934202551841736], "swedish": [0.8616284149885177, 0.8766579329967499], "swahili": [0.8080893087387085, 0.8254366517066956], "tamil": [0.7676855075359345, 0.77742800116539], "telugu": [0.7697506302595138, 0.7760578691959381], "tajik": [0.7567196291685104, 0.7742935717105865], "tagalog": [0.8085465252399444, 0.8424415588378906], "thai": [0.8311177033185959, 0.8479079902172089], "tigrinya": [0.466478179320693, 0.4445282816886902], "tswana": [0.4545536357164383, 0.4337137043476105], "tsonga": [0.467875654399395, 0.4517749100923538], "turkish": [0.8369500780105591, 0.8576466143131256], "ukrainian": [0.8203655695915222, 0.8348380923271179], "urdu": [0.7988377350568772, 0.811862051486969], "northern uzbek": [0.8126720559597015, 0.8192838728427887], "vietnamese": [0.8414014607667923, 0.8563596606254578], "waray": [0.6557236096262932, 0.6626767516136169], "wolof": [0.5159068635106087, 0.5240962505340576], "xhosa": [0.5727216678857804, 0.566490888595581], "yoruba": [0.4286509057879448, 0.4155584126710892], "simplified chinese": [0.8290863066911698, 0.8442892730236053], "traditional chinese": [0.8209016773104668, 0.8396942615509033], "standard malay": [0.8428120255470276, 0.858551412820816], "zulu": [0.5801951977610588, 0.571491539478302]}