{"mesopotamian arabic": [0.8399562394618988, 0.8532400131225586], "afrikaans": [0.8807725775241851, 0.8975224494934082], "tosk albanian": [0.8651268726587296, 0.8852648437023163], "amharic": [0.6648262017965316, 0.6606267094612122], "north levantine arabic": [0.8345854365825653, 0.8512290716171265], "modern standard arabic": [0.8640687304735184, 0.867871880531311], "modern standard arabic_romanized": [0.6273144973814487, 0.648238480091095], "najdi arabic": [0.8557456815242768, 0.8627299070358276], "moroccan arabic": [0.7465356448292733, 0.7759037911891937], "egyptian arabic": [0.820468473136425, 0.833022266626358], "assamese": [0.8267080914974213, 0.8313047587871552], "north azerbaijani": [0.8556715595722199, 0.8695939779281616], "bambara": [0.5362398448586464, 0.5169348418712616], "bengali": [0.8627566698193551, 0.8695363998413086], "standard tibetan": [0.5825715136528015, 0.5824370384216309], "bulgarian": [0.8733328294754028, 0.8800605833530426], "catalan": [0.8845963698625564, 0.8912811279296875], "cebuano": [0.7884459930658341, 0.8024021983146667], "czech": [0.8778252220153808, 0.8938379883766174], "central kurdish": [0.7306918646395206, 0.755259096622467], "french": [0.8816240775585175, 0.897182047367096], "danish": [0.8888302001357079, 0.9039079248905182], "german": [0.8890726095438004, 0.8981038928031921], "greek": [0.8614509660005569, 0.8736794888973236], "estonian": [0.8647650903463364, 0.8818492889404297], "basque": [0.8533743155002594, 0.8656984269618988], "finnish": [0.8894545090198517, 0.8931484222412109], "nigerian fulfulde": [0.5155628165602684, 0.5010408908128738], "west central oromo": [0.5458855953812599, 0.5320104360580444], "guarani": [0.5966735264658928, 0.57150599360466], "gujarati": [0.861277202963829, 0.8746390640735626], "haitian creole": [0.741527079641819, 0.7673702836036682], "hausa": [0.7472312918305397, 0.7821492254734039], "hebrew": [0.8724306166172028, 0.876041054725647], "hindi": [0.8878665959835053, 0.89149609208107], "croatian": [0.8634062629938125, 0.8696886599063873], "hungarian": [0.8668271315097809, 0.8732547163963318], "armenian": [0.6970349764823913, 0.6969081461429596], "igbo": [0.6771596971154213, 0.689834862947464], "ilocano": [0.7244481173157692, 0.7207579016685486], "indonesian": [0.8852180925011635, 0.8965066373348236], "icelandic": [0.8308442348241806, 0.8463217914104462], "italian": [0.8788434594869614, 0.8835284113883972], "javanese": [0.8243401592969894, 0.8431620895862579], "japanese": [0.8758254808187484, 0.8839023113250732], "jingpho": [0.5276618728041649, 0.517091304063797], "kannada": [0.8472352874279022, 0.8553231656551361], "georgian": [0.7328701627254486, 0.8204954564571381], "kazakh": [0.8590626299381257, 0.8758763372898102], "kabuverdianu": [0.7535190486907959, 0.7603574991226196], "halh mongolian": [0.7770714917778969, 0.7921196222305298], "khmer": [0.7961772322654724, 0.8260094523429871], "kinyarwanda": [0.6324836653470993, 0.6371853947639465], "kyrgyz": [0.8086719858646393, 0.8356045484542847], "korean": [0.85982526242733, 0.874126136302948], "lao": [0.6934866109490394, 0.6965345144271851], "lingala": [0.576288682371378, 0.5661288201808929], "lithuanian": [0.8533546096086502, 0.865322470664978], "ganda": [0.573342579305172, 0.5721798241138458], "luo": [0.5503462997078895, 0.5271882712841034], "standard latvian": [0.8497350007295609, 0.8582592308521271], "malayalam": [0.8620721936225891, 0.8728129267692566], "marathi": [0.856571561396122, 0.8709228336811066], "macedonian": [0.8630661684274673, 0.8802695870399475], "maltese": [0.8008632183074951, 0.8219892978668213], "maori": [0.652083537876606, 0.6490337550640106], "burmese": [0.5379295456409454, 0.48775242269039154], "dutch": [0.8752079564332962, 0.8787829577922821], "norwegian bokmal": [0.8750267463922501, 0.8878110647201538], "nepali": [0.8799455970525741, 0.892409473657608], "northern sotho": [0.589463255405426, 0.5884645879268646], "nyanja": [0.6162716737389564, 0.6091049909591675], "odia": [0.8207555973529815, 0.8400163650512695], "eastern panjabi": [0.8557086995244026, 0.8715488612651825], "southern pashto": [0.8066639512777328, 0.8386015594005585], "western persian": [0.8581097146868706, 0.8786644637584686], "plateau malagasy": [0.6659150689840316, 0.6658128499984741], "polish": [0.8531671118736267, 0.8636685013771057], "portuguese": [0.8956539082527161, 0.902784138917923], "romanian": [0.888082360625267, 0.8969430327415466], "russian": [0.8621789029240609, 0.8687625229358673], "shan": [0.6062378235161304, 0.6424171924591064], "sinhala": [0.8224500772356987, 0.8389370143413544], "slovak": [0.8700179255008698, 0.8802134990692139], "slovenian": [0.866520425081253, 0.8766022324562073], "shona": [0.5916136088967323, 0.5864333808422089], "sindhi": [0.8064006611704826, 0.8315280675888062], "somali": [0.6150511217117309, 0.6356921792030334], "southern sotho": [0.5778713420033454, 0.5590486824512482], "spanish": [0.8699262803792953, 0.8729702830314636], "serbian": [0.868263744711876, 0.8766955733299255], "swati": [0.5792870479822159, 0.5577824115753174], "sundanese": [0.8236616373062133, 0.8355258405208588], "swedish": [0.8969763821363449, 0.9048278629779816], "swahili": [0.8253000515699387, 0.847225159406662], "tamil": [0.8186512652039528, 0.8352569043636322], "telugu": [0.8384824207425118, 0.8585485816001892], "tajik": [0.7255289781093598, 0.735710859298706], "tagalog": [0.8615302711725235, 0.8825695216655731], "thai": [0.8736894035339355, 0.8821926712989807], "tigrinya": [0.5461962789297103, 0.5362137854099274], "tswana": [0.5779530933499336, 0.5543216168880463], "tsonga": [0.5736749047040939, 0.5623026192188263], "turkish": [0.8780344140529632, 0.8886673748493195], "ukrainian": [0.8630725598335266, 0.8739205002784729], "urdu": [0.8483584283292294, 0.8704709410667419], "northern uzbek": [0.851599463224411, 0.863176017999649], "vietnamese": [0.872767242193222, 0.8820575475692749], "waray": [0.7799923980236053, 0.7878197729587555], "wolof": [0.5619014835357666, 0.558906227350235], "xhosa": [0.6244321498274803, 0.6177897453308105], "yoruba": [0.5855617018043995, 0.5639689266681671], "simplified chinese": [0.863865168094635, 0.8712777495384216], "traditional chinese": [0.8550638055801392, 0.8669741749763489], "standard malay": [0.8887660920619964, 0.8946682810783386], "zulu": [0.6423745167255401, 0.6335721015930176]}