{"estonian": [0.729664944767952, 0.7274377346038818], "chinese": [0.9222800955176353, 0.9449521601200104], "indonesian": [0.8846295806765556, 0.922563225030899], "italian": [0.8460646170973778, 0.8870575726032257], "swahili": [0.6632644665241242, 0.6556335389614105], "tamil": [0.7760554209053516, 0.8183885812759399], "thai": [0.8588025795221329, 0.8955440819263458], "turkish": [0.8456608538031578, 0.8778017163276672], "vietnamese": [0.8807949835658073, 0.9203434586524963]}