{"estonian": [0.7161747376322747, 0.7609286904335022], "chinese": [0.8443189306855202, 0.8601292073726654], "indonesian": [0.8320589032769203, 0.8700956404209137], "italian": [0.8382160350084304, 0.8739046454429626], "swahili": [0.6495031150579452, 0.6327203810214996], "tamil": [0.7542222852706909, 0.8213086128234863], "thai": [0.7924010859131813, 0.8396633863449097], "turkish": [0.8156010576486588, 0.866277664899826], "vietnamese": [0.829592609167099, 0.8617635369300842]}