{"estonian": [0.7861319900155067, 0.8413505554199219], "chinese": [0.8270801024436951, 0.8487579226493835], "indonesian": [0.8390239902734756, 0.8654924035072327], "italian": [0.8368723500967026, 0.8625000417232513], "swahili": [0.7623900070786476, 0.8142672479152679], "tamil": [0.8060236058235168, 0.8486255705356598], "thai": [0.8160017459988594, 0.8462258875370026], "turkish": [0.7790443370342255, 0.8413512408733368], "vietnamese": [0.8352987973690033, 0.8571686744689941]}