{"estonian": [0.8273705425858497, 0.8765850961208344], "chinese": [0.9005790311098099, 0.9425136148929596], "indonesian": [0.9058860120773315, 0.9386233985424042], "italian": [0.9117034468054771, 0.9447509944438934], "swahili": [0.7485625032782555, 0.7689017951488495], "tamil": [0.8396989589929581, 0.8782593905925751], "thai": [0.8470810630917549, 0.8918353617191315], "turkish": [0.816261743426323, 0.8880723416805267], "vietnamese": [0.8789967299699784, 0.9188478589057922]}